timestamp,user,target,content,slang_used,id,text,source,time,annotated,pre_matched
1710000000.0,Player_ID_028,Player_ID_023,你这操作真是演员...,演员,,,,,,
,匿名用户_1774091207_0,,,,1774091207915.0,[tieba] 匹配机制真恶心，遇到了个演.员，太夏饭了！,tieba,2026-03-21 19:06,False,slang
,匿名用户_1774091208_1,,,,1774091208030.0,[tieba] 依 托 答 辩！这运营您 配 吗？,tieba,2026-03-21 19:06,False,
,匿名用户_1774091208_2,,,,1774091208137.0,[tieba] 匹配到的队友全是小黑.子，急啦急啦~,tieba,2026-03-21 19:06,False,slang
,匿名用户_1774091207_0,,,,1774091207921.0,[xhs] 匹配机制真恶心，遇到了个演.员，太夏饭了！,xhs,2026-03-21 19:06,False,slang
,匿名用户_1774091208_1,,,,1774091208057.0,[xhs] 依 托 答 辩！这运营您 配 吗？,xhs,2026-03-21 19:06,False,
,匿名用户_1774091208_2,,,,1774091208168.0,[xhs] 匹配到的队友全是小黑.子，急啦急啦~,xhs,2026-03-21 19:06,False,slang
,匿名用户_1774091207_0,,,,1774091207924.0,[weibo] 匹配机制真恶心，遇到了个演.员，太夏饭了！,weibo,2026-03-21 19:06,False,slang
,匿名用户_1774091208_1,,,,1774091208072.0,[weibo] 依 托 答 辩！这运营您 配 吗？,weibo,2026-03-21 19:06,False,
,匿名用户_1774091208_2,,,,1774091208185.0,[weibo] 匹配到的队友全是小黑.子，急啦急啦~,weibo,2026-03-21 19:06,False,slang
,tieba_8544_(语料扩充),,,,1774093204435.0,叫他先带着他全家老小去融合呗，离开中国去其他国家跟别人融合,tieba,2026-03-21 19:40,False,
,tieba_7697_(语料扩充),,,,1774093204436.0,扫黑除默，势在必行。,tieba,2026-03-21 19:40,False,
,tieba_7657_(语料扩充),,,,1774093204437.0,陕西人都这样的吗😅,tieba,2026-03-21 19:40,False,
,tieba_5445_(语料扩充),,,,1774093204438.0,乖乖！这样折腾都拿不出干货。看来特朗普是真干净。,tieba,2026-03-21 19:40,False,
,tieba_5155_(语料扩充),,,,1774093204439.0,被屏蔽了？,tieba,2026-03-21 19:40,False,
,tieba_2165_(语料扩充),,,,1774093204440.0,清空弹匣啊，一看就是新手,tieba,2026-03-21 19:40,False,
,tieba_2664_(语料扩充),,,,1774093204441.0,没啥用的这个吧早就被人监管了，以前很多人的,tieba,2026-03-21 19:40,False,
,tieba_4979_(语料扩充),,,,1774093204442.0,通讯录也不是什么好东西,tieba,2026-03-21 19:40,False,
,tieba_2065_(语料扩充),,,,1774093204443.0,汶川地震一样被黑也是一样的话甚至更甚，地域黑这种东西一代一代的,tieba,2026-03-21 19:40,False,
,tieba_1165_(语料扩充),,,,1774093204444.0,我遇见的骗子都是福建的、广东、广西三省。,tieba,2026-03-21 19:40,False,
,tieba_4736_(语料扩充),,,,1774093204445.0,它们爹那是敢随便冲的吗,tieba,2026-03-21 19:40,False,
,tieba_7645_(语料扩充),,,,1774093204446.0,说的就是这个打法么？😜实用啊,tieba,2026-03-21 19:40,False,sarcasm
,tieba_3283_(语料扩充),,,,1774093204447.0,你的新闻说明东北人敢暴打欧美人，而且在南方地区暴打欧美人的同样是东北人而不是南方本地男人😲更说明南方人面对黑白人唯唯诺诺不敢出手，看到南方同胞被黑人在广州地铁当众暴打没一人帮忙的民族性,tieba,2026-03-21 19:40,False,
,tieba_1870_(语料扩充),,,,1774093204448.0,7，能担起家庭责任，向棋子坦白，寻找第仨人；,tieba,2026-03-21 19:40,False,
,tieba_8876_(语料扩充),,,,1774093204449.0,一不小心把仙女整破防了，看来网络上脾气巨大的公主基本都是这样的,tieba,2026-03-21 19:40,False,
,tieba_7365_(语料扩充),,,,1774093204450.0,有过-同居史-的-女孩-能-娶-吗？其中有效名词是同居史、女孩、娶按当前常见价值观，同居史和女孩显然不是不友善，所以不友善的是娶。破案了，不婚保平安,tieba,2026-03-21 19:40,False,
,tieba_8835_(语料扩充),,,,1774093204451.0,是的，生下来的混血在西方正经人眼里有个蔑称叫黄疽病,tieba,2026-03-21 19:40,False,
,tieba_7917_(语料扩充),,,,1774093204452.0,人家凭什么要这么多条件和时间去思考自己为什么接受不了同性恋，不喜欢就是不喜欢，厌恶就是厌恶。我讨厌一个事情还得事先说服自己让自己不讨厌？？？,tieba,2026-03-21 19:40,False,
,tieba_9589_(语料扩充),,,,1774093204453.0,脚盆公关能力确实强，小民相当佩服。历史永远在画圈圈。,tieba,2026-03-21 19:40,False,
,tieba_9579_(语料扩充),,,,1774093204454.0,同是病，需要治疗,tieba,2026-03-21 19:40,False,
,tieba_9291_(语料扩充),,,,1774093204455.0,境外势力 绝对是 7年前我就遇见过有国外组织带领某些人大力黑安徽的 组织的头是个中国通的美国人 当时他住在上海 对中国文化了如指掌 中文很好还懂古诗什么的 他们假装上海人黑安徽人 带动真的网上上海人黑安徽人 后来黑完安徽又选择黑河南 原因是因为他们认为河南是华夏中心起源等等 其实我还想说更多 但是我不能 我很怕 我只能说这么多,tieba,2026-03-21 19:40,False,
,tieba_3833_(语料扩充),,,,1774093204456.0,舔狗妄想感动别人，可惜只能感动自己。还沦为别人的笑话,tieba,2026-03-21 19:40,False,
,tieba_2460_(语料扩充),,,,1774093204457.0,可否封了这个索玛女王并立案调查？,tieba,2026-03-21 19:40,False,
,tieba_5450_(语料扩充),,,,1774093204458.0,新日暮里多机油，只去一次不会够,tieba,2026-03-21 19:40,False,
,tieba_3247_(语料扩充),,,,1774093204459.0,ROG你最好不要整活,tieba,2026-03-21 19:40,False,
,tieba_1712_(语料扩充),,,,1774093204460.0,你是在搞笑吗？21世纪了还搞出嫁从夫那一套呢,tieba,2026-03-21 19:40,False,
,tieba_5381_(语料扩充),,,,1774093204461.0,我不歧视这样的女的，只希望他们不要在中国了，嫁鸡随鸡，嫁狗随狗，和黑人去非洲开疆扩土吧！,tieba,2026-03-21 19:40,False,
,tieba_2495_(语料扩充),,,,1774093204462.0,看了这么多回答终于看到同一个想法的啦~,tieba,2026-03-21 19:40,False,
,tieba_4620_(语料扩充),,,,1774093204463.0,这个楼猪不是那个有着十八年监狱经历奴隶大蛆嘛怎么又换马甲来忽悠无知小白还那个年轻人恐怕说得不错能为入寝寄生人类社会的各个过家和自己过家国际鬼子虫类及其它们后代虫混开脱而且说的如此连自家脸都不要究竟这些这等货色究竟是什么样心态说不定就是跪虫族当中理中客,tieba,2026-03-21 19:40,False,
,tieba_4672_(语料扩充),,,,1774093204464.0,这就网上的拳师吗，我吐了,tieba,2026-03-21 19:40,False,
,tieba_7028_(语料扩充),,,,1774093204465.0,波音公司应给埃航印尼狮航失事客机乘客一人赔偿2亿美元,tieba,2026-03-21 19:40,False,
,tieba_1908_(语料扩充),,,,1774093204466.0,吸一口香甜的、自由的空气，比什么都强吃饭算什么？！,tieba,2026-03-21 19:40,False,
,tieba_7170_(语料扩充),,,,1774093204467.0,这种nt发言一度让我怀疑是友军反串,tieba,2026-03-21 19:40,False,
,tieba_4981_(语料扩充),,,,1774093204468.0,弱势与强势都是相对而言的，在美国社会由于白人站了主体，它们属于少数民族，所以只能说相对来说它们属于弱势群体。不过它们只是相对于白人来说属于弱势而已。在美国对比其他族裔它们还是强势的，因为人口。亚裔中东裔对于它们来说它们就是强势而亚裔与中东裔就是弱势群体。,tieba,2026-03-21 19:40,False,
,tieba_1377_(语料扩充),,,,1774093204469.0,犹太狗在后面给他撑腰,tieba,2026-03-21 19:40,False,
,tieba_5435_(语料扩充),,,,1774093204470.0,现在的爱国还是真爱国么……已经快要沦为攻击别人的工具了。[单身狗]好好努力工作遵纪守法都不足以证明自己爱国，还必须要学会喊口号，学会去批评别人，要“不爱国”的人划清界限，当大家都沉浸在谴责中的时候，骂的不够大声都是不爱国。,tieba,2026-03-21 19:40,False,
,tieba_3317_(语料扩充),,,,1774093204471.0,被大姐举报没了正义的百度,tieba,2026-03-21 19:40,False,
,tieba_4631_(语料扩充),,,,1774093204472.0,东北在山东之前,tieba,2026-03-21 19:40,False,
,tieba_6416_(语料扩充),,,,1774093204473.0,不知道这些人怎么想的，就从没啥大脑最肤浅的角度来说，自己在脸上用美白产品，竟然想和黑人生在一起然后生个黑小孩，这不是祸害孩子呢吗？,tieba,2026-03-21 19:40,False,
,tieba_2254_(语料扩充),,,,1774093204474.0,中国传统文化就是婚嫁随男方，女性不属于原生家庭，加上一些重男轻女的传统文化，所以对家族很难有归属感，别怪谁。我对我爸村里整个家族没归属感，对我的姓没归属感，家里一切都是我哥的，我没结婚的时候就不是我家了，回去就是做客，还要自己干活，走礼走最重礼的客人。我妈死了我不能去坟里上坟的。我老家和我老公家相差千里，我也不熟，但是以后会去我老公那边养老，我老家的地房都是我哥的，我在老家没有容身之处。网友会说我这种没有领地意识吗？怪谁呢？,tieba,2026-03-21 19:40,False,
,tieba_7816_(语料扩充),,,,1774093204475.0,这里应外合得挺同步的啊,tieba,2026-03-21 19:40,False,
,tieba_1940_(语料扩充),,,,1774093204476.0,3430元一次性开通，然后480元/月购买15g的流量，很好，很民主。,tieba,2026-03-21 19:40,False,
,tieba_2130_(语料扩充),,,,1774093204477.0,我的一个朋友在非洲工作过三年，他说只要是女的嫁给默，基本劝她辞职，要不就拿默的工资，一两千，没有回国假期，不报销任何费用，没假期，,tieba,2026-03-21 19:40,False,
,tieba_6877_(语料扩充),,,,1774093204478.0,算了吧你，中国女性在欧美、日韩甚至是非洲，是个什么名声你心里还没个数？互联网时代了，谁不上网啊，对着国内这群要价高昂还得好生伺候的**，不如对外另辟蹊径。真正的媚外是什么？对着中国男性要车、要房、要彩礼、要姓氏、要地位。对着外男就可以连着自己的姓一起改了。这就是媚外，怎么的？中国男性外娶改姓了？中国男性外娶是非洲、印度来者不拒了？人都是看性价比的，一个是理解男性压力，不要车房彩礼，可以一起奋斗的外女，唯一不好的地方就是文化差异。一个是侮辱男性，要车要房，对外可以不讲底线的国女，唯一算得上优势的地方就是讲中文。正常人做出的选择，应该都是让你们可有可无。,tieba,2026-03-21 19:40,False,
,tieba_2863_(语料扩充),,,,1774093204479.0,当同性恋族群在努力把同性恋发现为一种政治正确的时候，他们就把什么基因论，灵魂论全部推翻了。这特么是一种政治运动啊，说是邪教也不冤枉他们。,tieba,2026-03-21 19:40,False,
,tieba_5625_(语料扩充),,,,1774093204480.0,你这算不算打小报告😆,tieba,2026-03-21 19:40,False,
,tieba_1310_(语料扩充),,,,1774093204481.0,恶心，同性恋怎么没有问题？当然有问题了！,tieba,2026-03-21 19:40,False,
,tieba_7440_(语料扩充),,,,1774093204482.0,感觉印度航空业最强项是弹射座椅！,tieba,2026-03-21 19:40,False,
,tieba_8279_(语料扩充),,,,1774093204483.0,别造谣了，那七个人是因为侮辱烈士被抓，其中一个还反串女拳，到了有的人嘴里就成了“抓了七个女拳都是男的反串的”🤭,tieba,2026-03-21 19:40,False,
,tieba_7801_(语料扩充),,,,1774093204484.0,这方面只有中国人能给，其实各国大小都差不多，但是黄种人硬度最高。你可以去看一下奥运会跳水这类项目，看看黑皮白皮大不大。中国男人在非洲到处玩女人，还都玩质量最好的，而且美国跨种族通婚也是黄男白女离婚率最低，这样看来中国人最能带给女人享受啊,tieba,2026-03-21 19:40,False,
,xhs_4954_(语料扩充),,,,1774093233591.0,二战结束后，很多非洲之国派遣很多留学生进入前苏留学，但后来他们不得不退学回国。刚开始苏府对这些非洲留学生关爱有加，就像家庭一样温暖，给予很多优待的福利。可惜这些留学生，基本上非富即贵，在前苏根本不是为了学习，而是过来花天酒地的享受。前苏的从下到上的人，没有惯着他们，那些留学生非常过分，吃喝玩乐也就算了，还企图搭讪本土女学生，一开始找那些司机和保洁打听姑娘的所有信息，结果留学生们被胖揍。后来留学生们报警，结果前苏警员都是偏袒本国人，还抓留学生。当年又抓了一个美国大使馆的黑人外交官，应是说留学生故意闹事。当然他们又气又恨，一起举行抗议说是种族歧视。前苏的官员肯定不惯着他们，把他们所有的留学福利取消掉。最后他们受不了苦，只能退学回国。这件事情说明，我们把他们当客人，他们却把自己当大爷，因为他们在自己本土作威作福习惯了，加上他们兄弟姐妹多，缺乏教育。他们之所以嚣张，主要是我们合作的矿产资源太多了，觉得可以引起外交纠纷，就是这样肆无忌惮地嚣张。,xhs,2026-03-21 19:40,False,sarcasm
,xhs_4664_(语料扩充),,,,1774093233592.0,我的天啊，求求你坦白吧，放过人家,xhs,2026-03-21 19:40,False,
,xhs_8874_(语料扩充),,,,1774093233593.0,现在知道程序员的厉害了吧？,xhs,2026-03-21 19:40,False,
,xhs_3305_(语料扩充),,,,1774093233594.0,你评论下面看见没，张口就黑某省的，是美国的ip。讲真我作为河南人，第一次听说东北人被黑的很惨，也是从几个东北人口中抱怨得知的。身边外地人真没见过黑东北。,xhs,2026-03-21 19:40,False,
,xhs_9222_(语料扩充),,,,1774093233595.0,证据链不完整,xhs,2026-03-21 19:40,False,
,xhs_6789_(语料扩充),,,,1774093233596.0,聊着小淋拿出了女支女名单，邀请阿泼晚上一起去南宁玩捕捉爱的小游戏。,xhs,2026-03-21 19:40,False,
,xhs_7757_(语料扩充),,,,1774093233597.0,你在劳教所里就别祸害别人了,xhs,2026-03-21 19:40,False,
,xhs_2590_(语料扩充),,,,1774093233598.0,成都明明是乡镇的好嘛,xhs,2026-03-21 19:40,False,
,xhs_3540_(语料扩充),,,,1774093233599.0,。。虽然我对这个答案也挺迷惑但是基佬就没工作就不能有工程师了？?,xhs,2026-03-21 19:40,False,
,xhs_8983_(语料扩充),,,,1774093233600.0,老双标狗了,xhs,2026-03-21 19:40,False,
,xhs_2622_(语料扩充),,,,1774093233601.0,这就是我的想法啊 我扯什么了,xhs,2026-03-21 19:40,False,
,xhs_2391_(语料扩充),,,,1774093233602.0,肤色是显性基因，遗传概率大,xhs,2026-03-21 19:40,False,
,xhs_2041_(语料扩充),,,,1774093233603.0,跟你们基佬学的😆,xhs,2026-03-21 19:40,False,
,xhs_2732_(语料扩充),,,,1774093233604.0,以前在学校里黑人很捣蛋，说你们中国的女生都不行，不禁日，一会就不行了。,xhs,2026-03-21 19:40,False,
,xhs_2890_(语料扩充),,,,1774093233605.0,新版宠？,xhs,2026-03-21 19:40,False,
,xhs_5692_(语料扩充),,,,1774093233606.0,无所谓，爱找谁找谁，找猫找狗也行,xhs,2026-03-21 19:40,False,
,xhs_4047_(语料扩充),,,,1774093233607.0,苹果:果粉们等我几年，千万要冷静，务必别买华为23333333,xhs,2026-03-21 19:40,False,
,xhs_3647_(语料扩充),,,,1774093233608.0,由于未知的原因，我暂时找不到《April Magazine》的原文，但是《Nextshark》（专做亚裔美国人新闻）转载了。可以证实的是，确实有这么一篇文章，但结合原文内容来看，作者举的自恨例子是一位韩裔女性，且通篇没有说到中国女性怎么样，都是在说亚洲女性。,xhs,2026-03-21 19:40,False,
,xhs_5038_(语料扩充),,,,1774093233609.0,那下次她还得捅，搞不好所有的男司机都被她捅死了,xhs,2026-03-21 19:40,False,
,xhs_6582_(语料扩充),,,,1774093233610.0,说那么多干什么，以后所有事情，我都实名拒绝对外捐款。有本事让浙江的学校来给我退学，有本事让浙江的企业来开除我。,xhs,2026-03-21 19:40,False,
,xhs_3051_(语料扩充),,,,1774093233611.0,蔚来会熄火，特斯拉会爆炸，天生一对。,xhs,2026-03-21 19:40,False,
,xhs_3191_(语料扩充),,,,1774093233612.0,这男的邓金军厉害。自己女朋友吸独。出来做。还威胁别人说出来就杀了他。,xhs,2026-03-21 19:40,False,
,xhs_1420_(语料扩充),,,,1774093233613.0,从小这个基佬就N待小动物，果然是变太,xhs,2026-03-21 19:40,False,
,xhs_1194_(语料扩充),,,,1774093233614.0,正能量呀，偷东西是为了生产，为了自食其力,xhs,2026-03-21 19:40,False,
,xhs_8330_(语料扩充),,,,1774093233615.0,这头发真的不会长虱子吗？,xhs,2026-03-21 19:40,False,
,xhs_1637_(语料扩充),,,,1774093233616.0,更不要说很多时候所谓的“东北人”就是东北唐山，东北福建，东北江苏的东北人。难蔓分不清除自己村以外的其他地区，一律归为东北人，反正东北这种舆论失势地区泼他什么脏水都是有人信的。,xhs,2026-03-21 19:40,False,
,xhs_2254_(语料扩充),,,,1774093233617.0,不是说出国了吗？我在手机上搜 吴施蒙 竟然出来一堆色情网站，哈哈哈,xhs,2026-03-21 19:40,False,
,xhs_9906_(语料扩充),,,,1774093233618.0,到处黑广东人长相这个真的过分……我不是广东人（北京的）也觉得好无语😅😅😅,xhs,2026-03-21 19:40,False,
,xhs_4818_(语料扩充),,,,1774093233619.0,找黑人作男朋友的女生真的应该好好调查，踩雷机会太大，珍惜自己，善待亲人。,xhs,2026-03-21 19:40,False,
,xhs_1348_(语料扩充),,,,1774093233620.0,免费陪练又来了，海军兄弟们盘起来。,xhs,2026-03-21 19:40,False,
,xhs_3700_(语料扩充),,,,1774093233621.0,为什么他始终无法正视自己的取向？如果他真不是gay拿怎么到现在都没发拿出证据？是不想拿吗？还是没有证据为什么空口无凭否认自己是gay？,xhs,2026-03-21 19:40,False,
,xhs_7802_(语料扩充),,,,1774093233622.0,我结婚的时候去做了婚检的，你结婚的时候难道不用做？,xhs,2026-03-21 19:40,False,
,xhs_4167_(语料扩充),,,,1774093233623.0,黑玩意臭不可闻,xhs,2026-03-21 19:40,False,
,xhs_5707_(语料扩充),,,,1774093233624.0,那什么……美蝈黑宫的实习生，来这，哥教你中文关于摸、碰、蹭、捏、抓的区别在哪！,xhs,2026-03-21 19:40,False,
,xhs_7195_(语料扩充),,,,1774093233625.0,你不觉得他是在黑我们吗？,xhs,2026-03-21 19:40,False,
,xhs_9444_(语料扩充),,,,1774093233626.0,可以全球范围内通缉、拘捕波音高管了！！！！！！！！,xhs,2026-03-21 19:40,False,
,xhs_5255_(语料扩充),,,,1774093233627.0,唯一网上看到的一例，穷小子在非洲打工，带回来一个。这种是国内实在找不到，也没东南亚的路子。,xhs,2026-03-21 19:40,False,
,xhs_7557_(语料扩充),,,,1774093233628.0,那还用说，装的肯定不是脑子,xhs,2026-03-21 19:40,False,
,xhs_6855_(语料扩充),,,,1774093233629.0,处理结果呢，进精神病院没？,xhs,2026-03-21 19:40,False,
,xhs_6999_(语料扩充),,,,1774093233630.0,你可以不和她说为什么分手,xhs,2026-03-21 19:40,False,
,xhs_9297_(语料扩充),,,,1774093233631.0,好吧，你说是就是吧，不过你的一切将被伪娘掠夺,xhs,2026-03-21 19:40,False,
,xhs_4906_(语料扩充),,,,1774093233632.0,中国又要背锅了。,xhs,2026-03-21 19:40,False,
,xhs_6602_(语料扩充),,,,1774093233633.0,波音是美国高科技的产物，中国的仿制能力及窃取美高科技知识产权可疑，应禁止波音卖给中国！,xhs,2026-03-21 19:40,False,
,xhs_6955_(语料扩充),,,,1774093233634.0,她妈就是洛克菲勒员工,xhs,2026-03-21 19:40,False,
,xhs_7368_(语料扩充),,,,1774093233635.0,我看三非镇傅也懒得管，遣返要地方出经费，这是什么道理？地方把他们赶到其他地方。,xhs,2026-03-21 19:40,False,
,xhs_8432_(语料扩充),,,,1774093233636.0,楼中楼更有意思,xhs,2026-03-21 19:40,False,
,xhs_6588_(语料扩充),,,,1774093233637.0,最好不要瞎说，B站的孝子是最狠的，搞不好我们吧又被炸了的。,xhs,2026-03-21 19:40,False,
,xhs_2014_(语料扩充),,,,1774093233638.0,什么没发明出来，明明已经在我的发明序列里排着队呢。,xhs,2026-03-21 19:40,False,
,xhs_7251_(语料扩充),,,,1774093233639.0,😆哈哈哈哈答主为啥不回你呢,xhs,2026-03-21 19:40,False,
,xhs_3693_(语料扩充),,,,1774093233640.0,德国总统是吉祥物，当然很沉稳,xhs,2026-03-21 19:40,False,
,xhs_UID436089,,,,1774094100152.0,31010102002533号网络文化经营许可证：沪网文[2018]4086-308号 |增值电信业务经营许可证：沪B2-20150021|网购（订餐）大家评医疗器械经营许可证：沪嘉食药监械经营许...,xhs,2026-03-21 19:55:00,False,
,xhs_UID273040,,,,1774094100153.0,上海智啸互联网信息服务有限公司、江苏龙瑞君峰信息技术有限公司、厦门享钥科技有限公司、大连金慧融智科技股份有限公司、河南餐赞网络科技有限公司 正在加载…,xhs,2026-03-21 19:55:00,False,
,xhs_UID350313,,,,1774094100154.0,河南餐赞网络科技有限公司 正在加载… 关于小红书 帮助中心 侵权投诉 沪ICP备13030189号Copyright © 2014-2023 行吟信息科技(上海)有限公司,xhs,2026-03-21 19:55:00,False,
,xhs_UID106878,,,,1774094100155.0,最近直播 查看全部 2026小红书GROW商家大会 2人预约 前往预约 未开始 未开始 2026小红书GROW商家大会 2026-04-08 14:30:00 前往预约 未开始 看清用户资产，小红书商家工...,xhs,2026-03-21 19:55:00,False,
,xhs_UID649909,,,,1774094100156.0,专业号登录,xhs,2026-03-21 19:55:00,False,
,xhs_UID269450,,,,1774094100157.0,小红书 - 你的生活指南,xhs,2026-03-21 19:55:00,False,
,xhs_UID270009,,,,1774094100158.0,医疗器械网络交易服务第三方平台备案:(沪)网械平台备字[2019]第00006号 互联网药品信息服务资格证书:(沪)-经营性-2023-0144 自营经营者信息 网...,xhs,2026-03-21 19:55:00,False,
,xhs_UID173847,,,,1774094100159.0,整合物流网络资源，减少物流成本 2. 提升整体物流时效 1. 协助商家发货，减少人力和物流成本 2. 提升整体物流时效 1. 解决不能使用BC清关的商品 2. 减少商家仓储物流的压力...,xhs,2026-03-21 19:55:00,False,
,xhs_UID529611,,,,1774094100160.0,小红书 - 标记我的生活,xhs,2026-03-21 19:55:00,False,
,xhs_UID717282,,,,1774094100161.0,31010102002533号网络文化经营许可证:沪网文[2021]1545-113号 增值电信业务经营许可证:沪B2-20150021 医疗器械经营许可证:沪嘉食药监械经营许20187006号 医疗器械网...,xhs,2026-03-21 19:55:00,False,
,xhs_UID483535,,,,1774094100162.0,小红书_标记我的生活,xhs,2026-03-21 19:55:00,False,
,xhs_UID606408,,,,1774094100163.0,"配合小红书App可以体验直播完整功能 立即下载 2.47.2支持Win8,Win10系统",xhs,2026-03-21 19:55:00,False,
,xhs_UID610653,,,,1774094100164.0,小红书电商 首页 商家入驻 买手入驻 官方资讯 专属运营 调研问卷,xhs,2026-03-21 19:55:00,False,
,xhs_UID924621,,,,1774094100165.0,小红书物流,xhs,2026-03-21 19:55:00,False,
,xhs_UID583359,,,,1774094100166.0,小红书电商官网,xhs,2026-03-21 19:55:00,False,
,xhs_UID556002,,,,1774094100167.0,小红书种草学|小红书官方营销学习平台,xhs,2026-03-21 19:55:00,False,
,xhs_UID231689,,,,1774094100168.0,电脑直播-直播助手,xhs,2026-03-21 19:55:00,False,
,tieba_UID151859,,,,1774094754379.0,[tieba分享] 匹配到的队友全是演员，在那边摆烂，真是依托答辩。,tieba,2026-03-21 20:05:54,False,"slang,memes"
,tieba_UID202681,,,,1774094754380.0,现在网上的人动不动就xswl、yyds，连话都不会好好说了吗？,tieba,2026-03-21 20:05:54,False,memes
,tieba_UID482667,,,,1774094754381.0,这也能红温？现在的压力怪真多，小黑子露出鸡脚了吧。,tieba,2026-03-21 20:05:54,False,slang
,tieba_UID671101,,,,1774094754382.0,这也太绝绝子了吧，家人们谁懂啊，简直无语子。,tieba,2026-03-21 20:05:54,False,memes
,tieba_81749,,,,1774095637484.0,这也太绝绝子了吧，简直无语子。,tieba,2026-03-21 20:20:37,False,memes
,tieba_64841,,,,1774095637485.0,[tieba分享] 现在的游戏环境，到处都是压力怪和摆烂的，依托答辩。,tieba,2026-03-21 20:20:37,False,"memes,slang"
,tieba_64165,,,,1774098615199.0,人形畜狌只有本能，除了寄声就是寝犯。,tieba,2026-03-21 21:10:15,False,
,tieba_55385,,,,1774098615200.0,也许这就是你们大街上能看到的种类,tieba,2026-03-21 21:10:15,False,
,tieba_50860,,,,1774098615201.0,谈恋爱也就算了，找老婆还找强势脾气的纯属自杀,tieba,2026-03-21 21:10:15,False,
,tieba_77550,,,,1774098615202.0,两岸比讨好黑人,tieba,2026-03-21 21:10:15,False,
,tieba_66044,,,,1774098615204.0,中国男人在非洲也是被非洲女人倒贴的份，津巴布韦总统以前就建议希望中国劳工出国带上自己的妻子，不要在搞他们国家的女人了，关键是还专挑好看的……，然后悄悄回国😅😅,tieba,2026-03-21 21:10:15,False,
,tieba_98828,,,,1774098615205.0,确实，上面带的节奏就是怕老婆，交工资，等到成气候了就开始鼓吹消费主义给女的洗脑，现在国内就成了逆民主义女拳横行了，还是挺有意思的，现在都恐婚了。,tieba,2026-03-21 21:10:15,False,
,tieba_53380,,,,1774098615206.0,军工复合体首先是军火商其次才是玩金融的，玩金融的是人家副业好么，但凡玩成主业的都没前途了,tieba,2026-03-21 21:10:15,False,
,tieba_80275,,,,1774098615207.0,就算黑人不肯结婚 她也不会分手你信不信 她在利用黑人赚取流量,tieba,2026-03-21 21:10:15,False,
,tieba_71174,,,,1774098615208.0,此地无银三百两，潘潘老婆没出墙。,tieba,2026-03-21 21:10:15,False,
,tieba_67124,,,,1774098615209.0,哈哈哈哈，厉害了。竟然没发现宇宙起源大韩国居民……,tieba,2026-03-21 21:10:15,False,
,tieba_83457,,,,1774098615210.0,听完他的回答，我他娘竟然有相同的想法，看来男同胞的价值观都差不多……,tieba,2026-03-21 21:10:15,False,
,tieba_44701,,,,1774098615211.0,加麻大挺住，别跪下！,tieba,2026-03-21 21:10:15,False,
,tieba_11467,,,,1774098615212.0,环保问题？你告诉我现在的环保组织谁不喷？威胁论本来就是中国的崛起威胁到了西方的利益，威胁论越疯狂，中国崛起的速度就越快。但是中国女性媚外呢？国内也不是没有例子，不用不承认了，你们就是媚外。😆,tieba,2026-03-21 21:10:15,False,
,tieba_81851,,,,1774098615213.0,一看性别还真是个女的，笑死🤭，咋了女的嫁过去就得那么做，不知好歹的,tieba,2026-03-21 21:10:15,False,
,tieba_70765,,,,1774098615214.0,提到骗还有福建😅十个福建九个骗说的也不少,tieba,2026-03-21 21:10:15,False,
,tieba_87391,,,,1774098615215.0,这是真女拳吧…😅还分上等级了,tieba,2026-03-21 21:10:15,False,
,tieba_44420,,,,1774098615216.0,吃货国如此耍流氓我就放心了,tieba,2026-03-21 21:10:15,False,
,tieba_61622,,,,1774098615217.0,好好，钱给你，你来买,tieba,2026-03-21 21:10:15,False,
,tieba_40073,,,,1774098615218.0,它的意思ZG就该高犯罪率，黑是正常的留学生的犯罪率都很高,tieba,2026-03-21 21:10:15,False,
,tieba_85832,,,,1774098615219.0,为什么我要支持？你又你喜欢的权利 我也有反感的自由,tieba,2026-03-21 21:10:15,False,
,tieba_62032,,,,1774098615220.0,黑人在犯罪方面很强势,tieba,2026-03-21 21:10:15,False,
,tieba_26995,,,,1774098615221.0,肛字很搞笑啊,tieba,2026-03-21 21:10:15,False,
,tieba_21305,,,,1774098615222.0,中国货像外国货：山寨外国货像中国货：致敬(´ー`)y━~~——隔壁楼,tieba,2026-03-21 21:10:15,False,
,tieba_11521,,,,1774098615223.0,大不列嗲牌搅屎棍子那功效不是吹的,tieba,2026-03-21 21:10:15,False,
,tieba_66874,,,,1774098615224.0,波音好得多?就是那个造出巨嘴蛙的波音?,tieba,2026-03-21 21:10:15,False,
,tieba_95960,,,,1774098615225.0,我是广东人但生活中真没有遇到提黑龙江如何如何的，被黑的最惨的是河南，很多招工的直接写不要河南人，现在人员紧缺这几年也没有啦，那几年歧视河南人好像是他们抱团经常打架。,tieba,2026-03-21 21:10:15,False,
,tieba_55102,,,,1774098615226.0,不好意思，我家养了一头猪，不能把你带回去害你,tieba,2026-03-21 21:10:15,False,
,tieba_57535,,,,1774098615227.0,这300个亿不知我们会以各种方式立马拿回来,tieba,2026-03-21 21:10:15,False,
,tieba_15137,,,,1774098615228.0,HIV群体十之八九都是基佬。,tieba,2026-03-21 21:10:15,False,
,tieba_77684,,,,1774098615229.0,反正我每次叫它都是华东女贼大学,tieba,2026-03-21 21:10:15,False,
,tieba_95143,,,,1774098615230.0,荷兰霸榜是因为网易天涯那会儿有意为之…但是荷兰老哥们属实聪明 好多年不争不辩了…现在黑东北的格式一般都是 东北人懒 东北人喜欢骂人吹币等等靶点东北人一般不会就问题本身回怼 通常回应方式都是“东北人是你跌”🤣🤣反正地域黑这事儿本身就不讲理 东北人的性格加持 估计以后长期霸榜了,tieba,2026-03-21 21:10:15,False,
,tieba_73155,,,,1774098615231.0,正想压缩外汇支出，这是在帮朝鲜。,tieba,2026-03-21 21:10:15,False,
,tieba_26401,,,,1774098615232.0,你比阿姆斯特丹的市长还敬业,tieba,2026-03-21 21:10:15,False,
,tieba_70883,,,,1774098615233.0,表锅我出来咯，不好看么？,tieba,2026-03-21 21:10:15,False,
,tieba_85938,,,,1774098615234.0,是低端的，落后的，非核心的,tieba,2026-03-21 21:10:15,False,
,tieba_95432,,,,1774098615235.0,万里挑一的潮流短句：来看更多语录懂事的那一瞬间是最无助的时候回不去的是曾经等不到的是旧人不可能的事别等别问别回忆很多事情开头很甜却没了结果A到爆的伤感句子,tieba,2026-03-21 21:10:15,False,
,tieba_30015,,,,1774098615236.0,——是你完美的自述。,tieba,2026-03-21 21:10:15,False,
,tieba_27967,,,,1774098615237.0,大家集火冲啊,tieba,2026-03-21 21:10:15,False,
,tieba_62635,,,,1774098615238.0,谁都能有自己的想法。我也更不会说什么txl才是真爱异性只为了繁殖。,tieba,2026-03-21 21:10:15,False,
,tieba_66523,,,,1774098615239.0,有没有可能这些都是真的？🤔,tieba,2026-03-21 21:10:15,False,
,tieba_99177,,,,1774098615240.0,蛛女是这样的,tieba,2026-03-21 21:10:15,False,
,tieba_37786,,,,1774098615241.0,此高密不是彼高密，一个是现实之地，一个是文学性的地方，不能无缝对接。,tieba,2026-03-21 21:10:15,False,
,tieba_78311,,,,1774098615242.0,哈哈，就当笑话看呗，反正您也拿不出什么内部劲爆消息来，您说的话也不比我靠谱,tieba,2026-03-21 21:10:15,False,
,tieba_99361,,,,1774098615243.0,方便在欧洲挖角啊,tieba,2026-03-21 21:10:15,False,
,tieba_38656,,,,1774098615244.0,强烈建议英国全民吃素，尤其是英国的儿童。不能让他们从小就成为杀害小动物的帮凶。,tieba,2026-03-21 21:10:15,False,
,tieba_90674,,,,1774098615245.0,在网络地域黑眼里，穷是原罪😅,tieba,2026-03-21 21:10:15,False,
,tieba_94510,,,,1774098615246.0,凡事问问自己配不配啊,tieba,2026-03-21 21:10:15,False,
,tieba_20173,,,,1774098615247.0,黑人发明零元购，无罪,tieba,2026-03-21 21:10:15,False,
,tieba_87622,,,,1774098615248.0,乱真是乱真的啥？真银吗？,tieba,2026-03-21 21:10:15,False,
,xhs_60989,,,,1774098639755.0,嗯，虽然不知道发生了什么，但这一定是西式民主的又一次胜利……,xhs,2026-03-21 21:10:39,False,
,xhs_69369,,,,1774098639756.0,啊对对对对对,xhs,2026-03-21 21:10:39,False,
,xhs_59695,,,,1774098639757.0,妇男，快12点了，你上飞机没有？,xhs,2026-03-21 21:10:39,False,
,xhs_30235,,,,1774098639758.0,嗯嗯那就往大了说，中国女人审美都有问题了都一喜欢又黑又丑又臭还不负责的嘿人，这下你满意嘛,xhs,2026-03-21 21:10:39,False,
,xhs_75629,,,,1774098639759.0,之前再社区上班的时候，基本上35以下的河南人我都不会多看一眼，就该怎么样怎么样，跟本地人外地人都不会有什么区别，但是45-55的河南人，我警惕性一下子就起来了…,xhs,2026-03-21 21:10:39,False,
,xhs_32722,,,,1774098639760.0,先是约见前叫一堆人还向学校通报，鸽了以后说给校方面子(校方怕你捣乱把你打发走罢了）。看到uu发帖嘲讽才急得第二天匆匆赶来，可是你觉得当事人还会再来见你个失信之人吗(以及工作日大早上跑过来，你没工作我还有课呢）。听你的话你一定有权有势校方都怕吧，可是为什么你要把被保安拦在门口说成和保卫处一起等我呢，是有多需要撑场面啊。以及真的有人会主动去见一个明显带有恶意的陌生人吗。现在急得连发三贴告知世界自己的精神胜利了。感兴趣的私我给你们发完整聊天记录，欣赏一下他都有什么逆天发言,xhs,2026-03-21 21:10:39,False,
,xhs_61024,,,,1774098639761.0,先不说是不是全世界都反华，就算人家真的坏，也不是一定蠢啊。人家有好东西，有些东西比自己的好，干嘛不学，马克思还是德国人呢，德国还是二战战败国呢，不还是学了？？9年义务教育呢？,xhs,2026-03-21 21:10:39,False,
,xhs_99119,,,,1774098639762.0,最高赞也是一种刻板印象，以偏概全，模仿一下，其实我也可以这么说：男的普遍不爱夸人没有女的那么虚伪,xhs,2026-03-21 21:10:39,False,
,xhs_69957,,,,1774098639763.0,郭女颜值不高，又不肯去做性价比高的整容，化妆邪术毁皮肤，卸妆如同恐怖片。我是佩服成天郭女推土机为荣的，牙口真好,xhs,2026-03-21 21:10:39,False,
,xhs_62025,,,,1774098639764.0,女的发的微博，图4里边看手指应该是个龟男?给人家洗脚呢，可转头就被拍下来发微博上让集美们看笑话了,xhs,2026-03-21 21:10:39,False,memes
,xhs_80721,,,,1774098639765.0,你就是最大的地域黑，先黑河南，骂河南，让河南人骂你，你再把河南人骂你的聊天记录截下来，再去挑动东北人来骂河南人，从而成功拱火,xhs,2026-03-21 21:10:39,False,
,xhs_20410,,,,1774098639766.0,我不太清楚，反正跟黑人乱搞的，无论男女，我都发自内心的恶心,xhs,2026-03-21 21:10:39,False,
,xhs_57144,,,,1774098639767.0,素质高的不来ZG，酒囊饭袋团就想移民黑，为了钱，什么人种入侵都不顾了，多多吸收黑才是好，各种匪夷所思的行为,xhs,2026-03-21 21:10:39,False,
,xhs_34088,,,,1774098639768.0,知乎应该是男性占优。原因是任何涉及男女问题思维都变了，比如女性不想结婚？隐晦的，还是杨li这种明白的，回答都是男性反击,xhs,2026-03-21 21:10:39,False,
,xhs_97326,,,,1774098639769.0,没办法，关于非洲的都要慎重考虑。尤其是黑人(不管哪国国籍),xhs,2026-03-21 21:10:39,False,
,xhs_76220,,,,1774098639770.0,安静活着，然后被你们无意间杀死是吧,xhs,2026-03-21 21:10:39,False,
,xhs_11192,,,,1774098639771.0,你把题给跑园了。,xhs,2026-03-21 21:10:39,False,
,xhs_54208,,,,1774098639772.0,大数据，数据挖掘，数据分析，终于挖出了这颗邪魅的宝（妖）石。。。,xhs,2026-03-21 21:10:39,False,
,xhs_55201,,,,1774098639773.0,👍有道理哦，反对地域歧视，共创美好祖国🤗🤗🤗,xhs,2026-03-21 21:10:39,False,
,xhs_91799,,,,1774098639774.0,黑盘你都接？没女人你会死吗？尊严呢？给中华男儿蒙羞！🙂,xhs,2026-03-21 21:10:39,False,
,xhs_13752,,,,1774098639775.0,华为缺了新西兰，就像乒乓球缺了新西兰,xhs,2026-03-21 21:10:39,False,
,xhs_17219,,,,1774098639776.0,大师，我悟了,xhs,2026-03-21 21:10:39,False,
,xhs_36474,,,,1774098639777.0,果然靠近幕刃会变得不幸,xhs,2026-03-21 21:10:39,False,
,xhs_92037,,,,1774098639778.0,民科民科，各位不要笑，要严肃！,xhs,2026-03-21 21:10:39,False,
,xhs_38881,,,,1774098639779.0,我不觉得是困扰，我觉得没啥问题，那些作品我只想远离😅,xhs,2026-03-21 21:10:39,False,
,xhs_89269,,,,1774098639780.0,择偶本来就是件很私密的事情，有啥个人喜好问题不都是自己正当的权利？根本扯不到种族歧视上好吧……,xhs,2026-03-21 21:10:39,False,
,xhs_70519,,,,1774098639781.0,好吧山东经济还行，比河南东北好，河南人均太差了,xhs,2026-03-21 21:10:39,False,
,xhs_18775,,,,1774098639782.0,我们要求增加军费，以保卫世界和平！！,xhs,2026-03-21 21:10:39,False,
,xhs_42721,,,,1774098639783.0,你对工程师有什么误会，只有在车间从事生产的技术人员和工地看图纸的才叫工程师？😓制造业种类那么多，做软件的电子的搞航天的都是工程师，怎么就又毒又累了,xhs,2026-03-21 21:10:39,False,
,xhs_88734,,,,1774098639784.0,难道不是小孩贫血，好心人献血过多，改变了血型吗?,xhs,2026-03-21 21:10:39,False,
,xhs_21184,,,,1774098639785.0,日本地貌气候类似于浙江吧，是杉木的适生区。,xhs,2026-03-21 21:10:39,False,
,xhs_60102,,,,1774098639786.0,可笑了，157条人命+一家新客机，10亿美元还算多？美国佬的良心被狗吃了。,xhs,2026-03-21 21:10:39,False,
,xhs_80649,,,,1774098639787.0,不要把男女和结婚，生子联系在一起就行了。只要大家不结婚，不生子就好了！只要男人还在乎这个。就会被女权控制。,xhs,2026-03-21 21:10:39,False,
,xhs_42700,,,,1774098639788.0,这。。。黑起来都无从下手,xhs,2026-03-21 21:10:39,False,
,xhs_90267,,,,1774098639789.0,要听医生的话哟,xhs,2026-03-21 21:10:39,False,
,xhs_57438,,,,1774098639790.0,想加男权群可以私我,xhs,2026-03-21 21:10:39,False,
,xhs_74909,,,,1774098639791.0,没存在感是好事😅大连倒是有存在感可净是负面的,xhs,2026-03-21 21:10:39,False,
,xhs_10443,,,,1774098639792.0,宇宙国什么都第一！！,xhs,2026-03-21 21:10:39,False,
,xhs_24847,,,,1774098639793.0,不能，想让男人装上子宫，做梦,xhs,2026-03-21 21:10:39,False,
,xhs_98331,,,,1774098639794.0,就事论事，我还真没见到像这个这样出名的🤣🤣🤣,xhs,2026-03-21 21:10:39,False,
,xhs_45599,,,,1774098639795.0,楼道里养猫，猫窝被别人扔了边哭边拍视频道德绑架,xhs,2026-03-21 21:10:39,False,
,xhs_84568,,,,1774098639796.0,唉，不得不说彼此都任重道远啊,xhs,2026-03-21 21:10:39,False,
,xhs_88478,,,,1774098639797.0,你还没有这个本事吧？,xhs,2026-03-21 21:10:39,False,
,xhs_97632,,,,1774098639798.0,你怎么不说你自卑呢,xhs,2026-03-21 21:10:39,False,
,xhs_14415,,,,1774098639799.0,一切尽在掌握……,xhs,2026-03-21 21:10:39,False,
,xhs_29461,,,,1774098639800.0,不要当舔狗不要当舔狗，把女人当男人一样对待，男女平等，约她来就来，不来就赶紧再约下一个，什么狗屁持之以恒的追求，那是死缠烂打，幕刃最讨厌死缠烂打了。,xhs,2026-03-21 21:10:39,False,
,xhs_21657,,,,1774098639801.0,什么叫民粹主义，你是被西方洗脑的太深了吧，民族主义按西方的那一套是自私且狭窄的，他们边和你讲世界大同一边歧视黑黄，关键是有个傻子真信了，还洋洋自得的回自己的民族传教，到了那天我们都不敢承认我们中华民族的后代，不敢承认炎黄是自己的祖先，你的黑人后代继续跳出来叫民主自由，哪些崇洋媚外的女人怀着什么样的心思大家懂得都懂，无非又是一群被洗脑的人上人,xhs,2026-03-21 21:10:39,False,
,xhs_21726,,,,1774098639802.0,哈哈哈感谢，已购买,xhs,2026-03-21 21:10:39,False,
,xhs_35909,,,,1774098639803.0,已婚人士感觉不太适合讨论这个话题。😅但是就个人感觉上是无论如何都不能接受的。,xhs,2026-03-21 21:10:39,False,
,xhs_72847,,,,1774098639804.0,这吧的都魔怔了喊不醒,xhs,2026-03-21 21:10:39,False,
,tieba_87572,,,,1774100566804.0,我用沙蚕钓鱼手脱皮的厉害！去医院看了，用抗生素药膏涂了半个月才好。钓鱼三次，脱皮了三次。,tieba,2026-03-21 21:42:46,False,
,tieba_52262,,,,1774100566805.0,快发挥优良传统，罢工啊,tieba,2026-03-21 21:42:46,False,
,tieba_42199,,,,1774100566806.0,错误，黑河南、黑北方的都是南满,tieba,2026-03-21 21:42:46,False,
,tieba_97391,,,,1774100566807.0,啊哈哈哈，普信男破防了😆，当真是喜闻乐见??,tieba,2026-03-21 21:42:46,False,memes
,tieba_56921,,,,1774100566808.0,广州就是黑河南、黑北方的总部,tieba,2026-03-21 21:42:46,False,
,tieba_16917,,,,1774100566809.0,先把一带一路备忘录签了再说！,tieba,2026-03-21 21:42:46,False,
,tieba_71827,,,,1774100566810.0,你说的有一部分道理，但是有些人是跟风黑的。东北人才很多，但是你说的那种人也不少。多数在黑龙江。,tieba,2026-03-21 21:42:46,False,
,tieba_53154,,,,1774100566811.0,我都想说谢谢，多来几趟，武统台湾你们一定是最好推手。,tieba,2026-03-21 21:42:46,False,
,tieba_12409,,,,1774100566812.0,说明一切地域歧视者都是蠢或者坏！或者二者兼备,tieba,2026-03-21 21:42:46,False,
,tieba_62770,,,,1774100566813.0,我们伊x兰教是一个提倡和平、包容的宗教，你要是敢说我们的不是，小心我弄死你。,tieba,2026-03-21 21:42:46,False,
,tieba_78151,,,,1774100566814.0,美国把精力放在这方面我就放心了！,tieba,2026-03-21 21:42:46,False,
,tieba_71096,,,,1774100566815.0,艾，约疱嘛，梅事儿的，感染率为淋，疣没什么大不了的,tieba,2026-03-21 21:42:46,False,
,tieba_54534,,,,1774100566816.0,美国军力永恒无法对付我们。这些都是生意，军火集团发大财。,tieba,2026-03-21 21:42:46,False,
,tieba_16992,,,,1774100566817.0,有一天川老大会不会有推上说准备向全球快递原子弹，然后说开个玩笑而已，不要那么认真。,tieba,2026-03-21 21:42:46,False,
,tieba_89257,,,,1774100566818.0,这可不兴洗阿宝友,tieba,2026-03-21 21:42:46,False,
,tieba_33314,,,,1774100566819.0,你来新疆看看就知道了 新疆有多傻逼 乌鲁木齐 打不到车 没有滴滴！没有出租车！这是省会？还发展个屁 穷就是穷 别的地方都有就你没有？ 这还省会呢 唯一一次被骗了八百块也是 新疆人干的 新疆肯定有好人 比例堪忧,tieba,2026-03-21 21:42:46,False,
,tieba_91326,,,,1774100566820.0,其实都是男t，不过为什么他们会喜欢复读，我也搞不明白,tieba,2026-03-21 21:42:46,False,
,tieba_37663,,,,1774100566821.0,观网：潮平两岸阔，风正一帆悬。,tieba,2026-03-21 21:42:46,False,
,tieba_46869,,,,1774100566822.0,从嫖娼、抢凉面、8年间娶妻生女，到网曝与造谣，以及吃软饭等，泼泼没有一次发出身份信息相关的有力证据，全是空口编故事“辟谣”，请泼泼不要再逃避问题，公布身份证与工作信息出来面对，让所有反同们信服,tieba,2026-03-21 21:42:46,False,
,tieba_74332,,,,1774100566823.0,你说的对啊，他自己也说了：希尔文表示：“我当时的灵感来源是我自己的童年，以及当时和自闭症儿童的交往。”,tieba,2026-03-21 21:42:46,False,
,tieba_80602,,,,1774100566824.0,说好的赢家通吃呢,tieba,2026-03-21 21:42:46,False,
,tieba_99357,,,,1774100566825.0,对邻国的复仇情节，让日本饮鸩止渴，甚至让默代表日本人，打破了日本保持民族纯洁性的最后一点自尊打破了印象中日本对于默严格管控的神话泡沫归根结底是怕邻国报复的自我矮化心理,tieba,2026-03-21 21:42:46,False,
,tieba_17428,,,,1774100566826.0,宝莱坞很强大，它说击落那就击落咯，否则后果很......你懂的。,tieba,2026-03-21 21:42:46,False,
,tieba_29419,,,,1774100566827.0,没错，让很多不懂事的年轻人觉得这种与众不同是时尚,tieba,2026-03-21 21:42:46,False,
,tieba_74535,,,,1774100566828.0,等韩国瑜回去又会被陈致中等人问的哑口无言……一来一回，见人说人话见鬼说鬼话，这双簧，演的真好！,tieba,2026-03-21 21:42:46,False,
,tieba_45439,,,,1774100566829.0,基佬还是看看HIV吧吧,tieba,2026-03-21 21:42:46,False,
,tieba_89328,,,,1774100566830.0,害这个确实过分，没办法。之前在抖音看到一个黑人女子在中国读研秀她的宿舍。好家伙那宿舍那个豪华，厕所淋浴厨房沙发双人大床。敢问国内研究生谁能有这待遇😅,tieba,2026-03-21 21:42:46,False,
,tieba_13811,,,,1774100566831.0,不作恶的谷歌忠于在全世界制造战争的美军，很好,tieba,2026-03-21 21:42:46,False,
,tieba_18852,,,,1774100566832.0,还有人自称女王👸😆？这是没有AC数吗？,tieba,2026-03-21 21:42:46,False,
,tieba_78237,,,,1774100566833.0,只要大家都敢拿前途来捍卫下一代男性的应有权利而去qj亩人，亩人除了怕，根本反抗不了。,tieba,2026-03-21 21:42:46,False,
,tieba_99252,,,,1774100566834.0,😆就抓住个“老师说河南人坏话”是吧？咋就不问问老师为什么说河南人坏话呢。⁉,tieba,2026-03-21 21:42:46,False,
,tieba_35100,,,,1774100566835.0,那只是伪女权，霸占了女权吧，就说自己是女权了，真正的女权其实都在男权吧里呀，不要因为田园女权上头啊,tieba,2026-03-21 21:42:46,False,
,tieba_69239,,,,1774100566836.0,亲人们，我发现两个好地方，是反女✊的上佳首选。一个是今日头条，一个是百度app，那里影响力更大,tieba,2026-03-21 21:42:46,False,
,tieba_38831,,,,1774100566837.0,毫无感觉，唯一知道撒尿牛肉丸,tieba,2026-03-21 21:42:46,False,
,tieba_28056,,,,1774100566838.0,你玩的默都玩腻了，你没玩过的默也先玩了🤭,tieba,2026-03-21 21:42:46,False,
,tieba_96912,,,,1774100566839.0,美国表示：你们这些盟友啊真是被猪油蒙了心就不能合力为自己资本家多争取一点时间吗,tieba,2026-03-21 21:42:46,False,
,tieba_46983,,,,1774100566840.0,这么好的肤色竟然在美国做乞丐。来中国山东大学不得飞黄腾达,tieba,2026-03-21 21:42:46,False,
,tieba_39210,,,,1774100566841.0,😓豆瓣小红书你是看不到？微博的社会影响力也是这六个软件中最大的，无与伦比,tieba,2026-03-21 21:42:46,False,
,tieba_46261,,,,1774100566842.0,比马英九还会骗，这嘴甜的像抹蜜一样,tieba,2026-03-21 21:42:46,False,
,tieba_13086,,,,1774100566843.0,最先进的发动机就是阁下了节能环保马力大，还全方位矢量。,tieba,2026-03-21 21:42:46,False,
,tieba_98050,,,,1774100566844.0,美国媒体都是属于私人的，“言论自由”也是金钱面前人人平等。,tieba,2026-03-21 21:42:46,False,
,tieba_19203,,,,1774100566845.0,前有人不贩我我不贩人，现在反过来黑黑人了,tieba,2026-03-21 21:42:46,False,
,tieba_76386,,,,1774100566846.0,目前，完全挑战三星倒是还有点距离。98年危机之后，三星的确是靠中国市场缓过气来，当年三星家电手机，才发展到现在这么大，什么时候我们中国把芯片，包括存储芯片搞定了，三星就真的丧了,tieba,2026-03-21 21:42:46,False,
,tieba_15143,,,,1774100566847.0,不好意思 不懂什么是踩评论………我以为是赞的意思??,tieba,2026-03-21 21:42:46,False,
,tieba_83313,,,,1774100566848.0,那女的不是无辜的吗？把人家推了，有病吗？,tieba,2026-03-21 21:42:46,False,
,tieba_73900,,,,1774100566849.0,别人不能定义性少数，那同性恋有什么资格给儿童定义？,tieba,2026-03-21 21:42:46,False,
,tieba_12463,,,,1774100566850.0,其实我讨厌同性恋很大一部分的原因是因为同性恋的支持者，尤其是我在追番的时候就看到一群NT在官配CP或后宫番里面刷男男或女女CP,tieba,2026-03-21 21:42:46,False,
,tieba_88018,,,,1774100566851.0,一诺千金唐川普，讷言敏行欧巴马，,tieba,2026-03-21 21:42:46,False,
,tieba_36190,,,,1774100566852.0,不是所有蒙古人都骑马上学，但是所有天津人都会说相声。,tieba,2026-03-21 21:42:46,False,
,tieba_46388,,,,1774100566853.0,自由的空气更清甜了吧？无限的美好。,tieba,2026-03-21 21:42:46,False,
